"type","timepoint","ari","prec","recall","total_NAs","nclusters","accuracy","num_lost"
"cell","grow",0.929170344895938,0.922081844830956,0.974267391431472,0,5,NA,NA
"mutation","grow",0.83077392380401,0.843557936455441,0.898218648475486,0,6,NA,NA
"loss","grow",NA,NA,0,NA,0,0.926633165829146,0
