"type","timepoint","ari","prec","recall","total_NAs","nclusters","accuracy","num_lost"
"cell","grow",0.674662914267277,0.668146976775047,0.859374137183801,0,4,NA,NA
"mutation","grow",0.612976657649499,0.849025816969891,0.626216195703782,0,6,NA,NA
"loss","grow",NA,NA,0,NA,0,0.940004067520846,0
