cell_ari,mut_ari,ancestral_recall,incomparable_recall,clustered_recall,event_hamming,genotype_hamming,loss_precision,loss_recall,TP,FP,FN
0.6746629142672766,0.6129766576494989,0.7620191044582939,0.4116345249641821,0.5972798575115359,0.0,0.16273870003604762,,0.0,0,0,295
