cell_ari,mut_ari,ancestral_recall,incomparable_recall,clustered_recall,event_hamming,genotype_hamming,loss_precision,loss_recall,TP,FP,FN
0.6746629142672766,0.6129766576494989,0.9080108047962704,0.4442162756656669,0.6262161957037816,0.0,0.16273870003604762,,0.0,0,0,295
