"type","timepoint","ari","prec","recall","total_NAs","nclusters","accuracy","num_lost"
"cell","grow",0.742123876663377,0.762076818002412,0.825007716273485,0,5,NA,NA
"mutation","grow",0.648365038170919,0.626032532265883,0.810061174424743,0,6,NA,NA
"loss","grow",NA,NA,0,NA,0,0.932032301480485,0
