cell_ari,mut_ari,ancestral_recall,incomparable_recall,clustered_recall,event_hamming,genotype_hamming,loss_precision,loss_recall,TP,FP,FN
0.7421238766633772,0.6483650381709193,0.7994321123064544,0.7792124542124542,0.7063130191805747,0.0004329036529035042,0.07495682160825791,,0.0,0,0,101
