"type","timepoint","ari","prec","recall","total_NAs","nclusters","accuracy","num_lost"
"cell","grow",0.740813656018197,0.712796473853529,0.942586490939044,0,4,NA,NA
"mutation","grow",0.824709750540907,0.802006534661466,0.943393970240596,0,4,NA,NA
"loss","grow",NA,NA,0,NA,0,0.918147995039272,0
