cell_ari,mut_ari,ancestral_recall,incomparable_recall,clustered_recall,event_hamming,genotype_hamming,loss_precision,loss_recall,TP,FP,FN
0.7408136560181969,0.8247097505409072,0.7987697331739738,1,0.7806115006158643,0.021392162014959783,0.050819244798323046,,0.0,0,0,198
