cell_ari,mut_ari,ancestral_recall,incomparable_recall,clustered_recall,event_hamming,genotype_hamming,loss_precision,loss_recall,TP,FP,FN
0.6566719010980788,0.5717019637790303,0.6607239696578172,1,0.7277641375466164,0.0012176263075164028,0.08648430896798824,,0.0,0,0,197
