cell_ari,mut_ari,ancestral_recall,incomparable_recall,clustered_recall,event_hamming,genotype_hamming,loss_precision,loss_recall,TP,FP,FN
0.6545310684019384,0.4566506053746194,0.8486437018704367,0.9207974479024742,0.4619281115921717,0.0,0.09471634021302887,,,0,0,0
