cell_ari,mut_ari,ancestral_recall,incomparable_recall,clustered_recall,event_hamming,genotype_hamming,loss_precision,loss_recall,TP,FP,FN
0.5482532186710861,0.4567520117214478,0.7228046716428765,0.6744893305550026,0.7383553968947725,0.013024830602536619,0.16339837405837448,,,0,0,0
