"type","timepoint","ari","prec","recall","total_NAs","nclusters","accuracy","num_lost"
"cell","grow",0.541460933523026,0.59379873337857,0.679788966569906,0,5,NA,NA
"mutation","grow",0.467309483510356,0.518079645509308,0.602860198820141,0,7,NA,NA
"loss","grow",NA,NA,0,NA,0,0.891402714932127,0
