cell_ari,mut_ari,ancestral_recall,incomparable_recall,clustered_recall,event_hamming,genotype_hamming,loss_precision,loss_recall,TP,FP,FN
0.5414609335230259,0.46730948351035584,0.66662228092151,0.22637142192103896,0.5162066492142353,0.0,0.215059646707366,,0.0,0,0,504
