cell_ari,mut_ari,ancestral_recall,incomparable_recall,clustered_recall,event_hamming,genotype_hamming,loss_precision,loss_recall,TP,FP,FN
0.5414609335230259,0.46730948351035584,0.8102705835031542,0.29099147519030055,0.6028601988201414,0.0,0.215059646707366,,0.0,0,0,504
