cell_ari,mut_ari,ancestral_recall,incomparable_recall,clustered_recall,event_hamming,genotype_hamming,loss_precision,loss_recall,TP,FP,FN
0.4885331279445506,0.637062115895795,0.6791310314393938,0.6488478771542633,0.6399212311778165,0.0,0.12580810366794073,,0.0,0,0,267
