cell_ari,mut_ari,ancestral_recall,incomparable_recall,clustered_recall,event_hamming,genotype_hamming,loss_precision,loss_recall,TP,FP,FN
0.4885331279445506,0.637062115895795,0.8246431042354316,0.8386982715867972,0.7644262184268042,0.0,0.12580810366794073,,0.0,0,0,267
