cell_ari,mut_ari,ancestral_recall,incomparable_recall,clustered_recall,event_hamming,genotype_hamming,loss_precision,loss_recall,TP,FP,FN
0.644398721471992,0.5267108284580441,0.5987733239659643,0.785100922864334,0.7030069787860398,0.017684738161742992,0.09466206198120021,,0.0,0,0,647
