cell_ari,mut_ari,ancestral_recall,incomparable_recall,clustered_recall,event_hamming,genotype_hamming,loss_precision,loss_recall,TP,FP,FN
0.644398721471992,0.5267108284580441,0.472122382288181,0.5742415218293717,0.5581883060173014,0.017684738161742992,0.09466206198120021,,0.0,0,0,647
