cell_ari,mut_ari,ancestral_recall,incomparable_recall,clustered_recall,event_hamming,genotype_hamming,loss_precision,loss_recall,TP,FP,FN
0.6423581925997183,0.6082600207683424,0.7689030352390827,0.9493050565470988,0.7857079507634283,0.027157890975361358,0.07442739408278982,,,0,0,0
