"type","timepoint","ari","prec","recall","total_NAs","nclusters","accuracy","num_lost"
"cell","grow",0.721457004468398,0.69245190946388,0.909477478960212,0,4,NA,NA
"mutation","grow",0.406705260656422,0.436365351440279,0.629840055199533,0,5,NA,NA
"loss","grow",NA,NA,0,NA,0,0.94033008887008,0
