cell_ari,mut_ari,ancestral_recall,incomparable_recall,clustered_recall,event_hamming,genotype_hamming,loss_precision,loss_recall,TP,FP,FN
0.7214570044683981,0.4067052606564223,0.7187029786270164,0.14448841521572994,0.5677398821806563,0.003368525635121973,0.20311304238791406,,0.0,0,0,141
