"type","timepoint","ari","prec","recall","total_NAs","nclusters","accuracy","num_lost"
"cell","grow",0.797539889301903,0.81048436790419,0.873428890851749,0,5,NA,NA
"mutation","grow",0.869241014308556,0.897499895828993,0.898679461771148,0,5,NA,NA
"loss","grow",NA,NA,0,NA,0,0.914576271186441,0
