cell_ari,mut_ari,ancestral_recall,incomparable_recall,clustered_recall,event_hamming,genotype_hamming,loss_precision,loss_recall,TP,FP,FN
0.4844312906784613,0.4888981326302321,0.7488110403397028,0.7491842987181047,0.529433072567474,0.0060205226248856904,0.16433897753965018,,,0,0,0
