cell_ari,mut_ari,ancestral_recall,incomparable_recall,clustered_recall,event_hamming,genotype_hamming,loss_precision,loss_recall,TP,FP,FN
1.0,0.5313914029656308,0.700234691700448,0.7265718039538082,0.8289293026616885,0.048878281050415875,0.08805409627913595,,,0,0,0
