"type","timepoint","ari","prec","recall","total_NAs","nclusters","accuracy","num_lost"
"cell","grow",0.702867803545072,0.695583467331257,0.865003701660667,0,4,NA,NA
"mutation","grow",0.603767636197673,0.586640255518382,0.790046715850203,0,6,NA,NA
"loss","grow",NA,NA,0,NA,0,0.888268156424581,0
