cell_ari,mut_ari,ancestral_recall,incomparable_recall,clustered_recall,event_hamming,genotype_hamming,loss_precision,loss_recall,TP,FP,FN
0.7028678035450715,0.6037676361976735,0.7197183304571646,0.3784710936865199,0.655577444500932,0.0,0.1604351766423782,,0.0,0,0,160
