"type","timepoint","ari","prec","recall","total_NAs","nclusters","accuracy","num_lost"
"cell","grow",0.627182731980345,0.620369792565239,0.847515169750765,0,4,NA,NA
"mutation","grow",0.443669709027073,0.473923955966754,0.648316217787251,0,6,NA,NA
"loss","grow",NA,NA,0,NA,0,0.874208860759494,0
