cell_ari,mut_ari,ancestral_recall,incomparable_recall,clustered_recall,event_hamming,genotype_hamming,loss_precision,loss_recall,TP,FP,FN
0.627182731980345,0.44366970902707276,0.7497605720731266,0.422986037597644,0.6483162177872506,0.0,0.19796321544522671,,0.0,0,0,159
