cell_ari,mut_ari,ancestral_recall,incomparable_recall,clustered_recall,event_hamming,genotype_hamming,loss_precision,loss_recall,TP,FP,FN
0.627182731980345,0.44366970902707276,0.6012390347134519,0.31245483283981457,0.5362734161634035,0.0,0.19796321544522671,,0.0,0,0,159
