"type","timepoint","ari","prec","recall","total_NAs","nclusters","accuracy","num_lost"
"cell","grow",0.774862542014732,0.728618195546056,0.969471600791699,0,4,NA,NA
"mutation","grow",0.700140404097756,0.664991570894675,0.967832755303026,0,4,NA,NA
"loss","grow",NA,NA,0,NA,0,0.946728187919463,0
