cell_ari,mut_ari,ancestral_recall,incomparable_recall,clustered_recall,event_hamming,genotype_hamming,loss_precision,loss_recall,TP,FP,FN
0.7748625420147317,0.7001404040977564,0.7461386820880233,1,0.9046166987427331,0.004156091015821546,0.058040521036299336,,0.0,0,0,127
