cell_ari,mut_ari,ancestral_recall,incomparable_recall,clustered_recall,event_hamming,genotype_hamming,loss_precision,loss_recall,TP,FP,FN
0.7748625420147317,0.7001404040977564,0.8374998361303541,1,0.967832755303026,0.004156091015821546,0.058040521036299336,,0.0,0,0,127
