cell_ari,mut_ari,ancestral_recall,incomparable_recall,clustered_recall,event_hamming,genotype_hamming,loss_precision,loss_recall,TP,FP,FN
0.7387368839175343,0.5108932521210918,0.8003098274258139,0.45693372371573066,0.7297428902297038,0.011141892641026092,0.11158335957496629,,,0,0,0
