cell_ari,mut_ari,ancestral_recall,incomparable_recall,clustered_recall,event_hamming,genotype_hamming,loss_precision,loss_recall,TP,FP,FN
0.8783955744903076,0.7948393521284847,0.955488018199327,0.9500742155588029,0.8044780678877101,0.061767193098797975,0.027996419455910738,,,0,0,0
