cell_ari,mut_ari,ancestral_recall,incomparable_recall,clustered_recall,event_hamming,genotype_hamming,loss_precision,loss_recall,TP,FP,FN
1.0,0.5430330152587931,0.7823845110238773,0.047843423292000975,0.71735307795152,0.02093616772334715,0.15542310479019342,,,0,0,0
