cell_ari,mut_ari,ancestral_recall,incomparable_recall,clustered_recall,event_hamming,genotype_hamming,loss_precision,loss_recall,TP,FP,FN
0.7465740730431775,0.6021313275593975,0.6502364102722581,0.03598659767847023,0.945743701127823,0.0,0.19941081793271928,,,0,0,0
