cell_ari,mut_ari,ancestral_recall,incomparable_recall,clustered_recall,event_hamming,genotype_hamming,loss_precision,loss_recall,TP,FP,FN
0.3393050110703777,0.5021353573114131,0.6283664341690959,0.9711118087987127,0.7539976748777117,0.04832698894115704,0.19317343558623762,,,0,0,0
