"type","timepoint","ari","prec","recall","total_NAs","nclusters","accuracy","num_lost"
"cell","grow",0.774055292449838,0.843114072740738,0.798145408873051,0,6,NA,NA
"mutation","grow",0.525712453284544,0.676423613476546,0.57423852975196,0,8,NA,NA
"loss","grow",NA,NA,0,NA,0,0.862835570469799,0
