cell_ari,mut_ari,ancestral_recall,incomparable_recall,clustered_recall,event_hamming,genotype_hamming,loss_precision,loss_recall,TP,FP,FN
0.7740552924498383,0.5257124532845436,0.7340780750626241,0.6619913067101331,0.5742385297519599,0.0015820617242927263,0.12102249695987026,,0.0,0,0,327
