cell_ari,mut_ari,ancestral_recall,incomparable_recall,clustered_recall,event_hamming,genotype_hamming,loss_precision,loss_recall,TP,FP,FN
0.7740552924498383,0.5257124532845436,0.5857691963886654,0.46621514325345575,0.46361345398845416,0.0015820617242927263,0.12102249695987026,,0.0,0,0,327
