"type","timepoint","ari","prec","recall","total_NAs","nclusters","accuracy","num_lost"
"cell","grow",0.657758968146309,0.720843053799441,0.742420351791053,0,5,NA,NA
"mutation","grow",0.283129173613457,0.664594725051411,0.342449381442121,0,7,NA,NA
"loss","grow",NA,NA,0,NA,0,0.935967006728891,0
