cell_ari,mut_ari,ancestral_recall,incomparable_recall,clustered_recall,event_hamming,genotype_hamming,loss_precision,loss_recall,TP,FP,FN
0.6577589681463093,0.28312917361345713,0.6494935598396191,0.0022540649764016176,0.32758194325209505,0.0,0.19357511566747465,,0.0,0,0,295
