cell_ari,mut_ari,ancestral_recall,incomparable_recall,clustered_recall,event_hamming,genotype_hamming,loss_precision,loss_recall,TP,FP,FN
0.6434579539833217,0.5075166252423399,0.8161921093684875,0.7667279028806273,0.7454780361757106,0.05361038386371178,0.07036907781867238,,,0,0,0
