cell_ari,mut_ari,ancestral_recall,incomparable_recall,clustered_recall,event_hamming,genotype_hamming,loss_precision,loss_recall,TP,FP,FN
0.46776638344793325,0.5997880669773424,0.8768619780796432,1,0.6736183819576106,0.09942159473587804,0.0858132082141166,,,0,0,0
