cell_ari,mut_ari,ancestral_recall,incomparable_recall,clustered_recall,event_hamming,genotype_hamming,loss_precision,loss_recall,TP,FP,FN
0.410533111401222,0.905983445895916,0.9333148380340217,0.9652187106943437,0.9345033102468749,0.0018909795309448333,0.12039148811921017,,,0,0,0
