"type","timepoint","ari","prec","recall","total_NAs","nclusters","accuracy","num_lost"
"cell","grow",0.632084978257796,0.629133266703845,0.839613285706747,0,4,NA,NA
"mutation","grow",0.495569006873919,0.505148036849106,0.699726360180971,0,6,NA,NA
"loss","grow",NA,NA,0,NA,0,0.883466860888565,0
