cell_ari,mut_ari,ancestral_recall,incomparable_recall,clustered_recall,event_hamming,genotype_hamming,loss_precision,loss_recall,TP,FP,FN
0.6320849782577959,0.49556900687391936,0.6460150366706883,0.3105413928964766,0.5797707830354568,0.0,0.18975123172884162,,0.0,0,0,160
