cell_ari,mut_ari,ancestral_recall,incomparable_recall,clustered_recall,event_hamming,genotype_hamming,loss_precision,loss_recall,TP,FP,FN
1.0,0.9060400883695776,0.9766617625557423,0.9558255278370275,0.9163683907939393,0.06272498407572819,0.010506385898247836,,,0,0,0
