"type","timepoint","ari","prec","recall","total_NAs","nclusters","accuracy","num_lost"
"cell","grow",0.742833168849057,0.669154688189779,0.963512452228196,0,5,NA,NA
"mutation","grow",0.811224431491996,0.773096016964476,0.924236022403459,0,6,NA,NA
"loss","grow",NA,NA,0,NA,0,0.933190578158458,0
