cell_ari,mut_ari,ancestral_recall,incomparable_recall,clustered_recall,event_hamming,genotype_hamming,loss_precision,loss_recall,TP,FP,FN
0.7428331688490568,0.8112244314919955,0.8467501550195389,0.6780016792611251,0.8093541739268858,0.012485108685432395,0.055223553090548654,,0.0,0,0,156
