cell_ari,mut_ari,ancestral_recall,incomparable_recall,clustered_recall,event_hamming,genotype_hamming,loss_precision,loss_recall,TP,FP,FN
0.7068661174708968,0.7164066542917543,0.5731105777107581,0.7881001402100009,0.6918184795445448,0.0,0.03689322006062471,,0.0,0,0,147
