cell_ari,mut_ari,ancestral_recall,incomparable_recall,clustered_recall,event_hamming,genotype_hamming,loss_precision,loss_recall,TP,FP,FN
0.7068661174708968,0.7164066542917543,0.6765740339096357,0.8583433634703963,0.7762075671984144,0.0,0.03689322006062471,,0.0,0,0,147
