cell_ari,mut_ari,ancestral_recall,incomparable_recall,clustered_recall,event_hamming,genotype_hamming,loss_precision,loss_recall,TP,FP,FN
0.8264670548801293,0.5861729810927433,0.8045571238377631,0.6343075191008739,0.7005407406264942,0.015086877305248186,0.10988987517087559,,,0,0,0
