cell_ari,mut_ari,ancestral_recall,incomparable_recall,clustered_recall,event_hamming,genotype_hamming,loss_precision,loss_recall,TP,FP,FN
0.5183648651452647,0.4688351681440689,0.722029837609606,0.8526507663257843,0.5363941264056069,0.012594437246554829,0.1183014209384129,,,0,0,0
