"type","timepoint","ari","prec","recall","total_NAs","nclusters","accuracy","num_lost"
"cell","grow",0.52074616650765,0.645405399578512,0.610549394518802,0,5,NA,NA
"mutation","grow",0.365569825599312,0.531880558336769,0.518427518427518,0,5,NA,NA
"loss","grow",NA,NA,0,NA,0,0.951151430565248,0
