cell_ari,mut_ari,ancestral_recall,incomparable_recall,clustered_recall,event_hamming,genotype_hamming,loss_precision,loss_recall,TP,FP,FN
0.5207461665076499,0.36556982559931245,0.655892221488216,1,0.47182698771512466,0.008261694468239478,0.16537983587776287,,0.0,0,0,70
