cell_ari,mut_ari,ancestral_recall,incomparable_recall,clustered_recall,event_hamming,genotype_hamming,loss_precision,loss_recall,TP,FP,FN
0.5207461665076499,0.36556982559931245,0.7218627653537046,1,0.5184275184275184,0.008261694468239478,0.16537983587776287,,0.0,0,0,70
