"type","timepoint","ari","prec","recall","total_NAs","nclusters","accuracy","num_lost"
"cell","grow",0.512107184835586,0.568753345033403,0.657294001056626,0,5,NA,NA
"mutation","grow",0.544622338552268,0.567095885245456,0.688654186658247,0,7,NA,NA
"loss","grow",NA,NA,0,NA,0,0.895065584009994,0
