cell_ari,mut_ari,ancestral_recall,incomparable_recall,clustered_recall,event_hamming,genotype_hamming,loss_precision,loss_recall,TP,FP,FN
0.5121071848355855,0.5446223385522679,0.7060775048714154,0.20968505468779566,0.5882139744067277,0.0,0.20463992611858434,,0.0,0,0,504
