"type","timepoint","ari","prec","recall","total_NAs","nclusters","accuracy","num_lost"
"cell","grow",0.742900006263515,0.783790615759696,0.793351603110415,0,6,NA,NA
"mutation","grow",0.71679509351035,0.721924063567756,0.806726187502528,0,7,NA,NA
"loss","grow",NA,NA,0,NA,0,0.949978804578211,0
