cell_ari,mut_ari,ancestral_recall,incomparable_recall,clustered_recall,event_hamming,genotype_hamming,loss_precision,loss_recall,TP,FP,FN
0.742900006263515,0.7167950935103495,0.7566213210748564,0.5143274444148676,0.7321076595257783,0.0,0.12859399918536235,,0.0,0,0,118
