cell_ari,mut_ari,ancestral_recall,incomparable_recall,clustered_recall,event_hamming,genotype_hamming,loss_precision,loss_recall,TP,FP,FN
0.6109376801228149,0.24548892525369556,0.4867959451606655,0.5271604938271605,0.43289772515730296,0.07781654197192425,0.18373225156507822,,,0,0,0
