cell_ari,mut_ari,ancestral_recall,incomparable_recall,clustered_recall,event_hamming,genotype_hamming,loss_precision,loss_recall,TP,FP,FN
0.8523220587068717,0.26727200223215875,0.5274200628165203,0.6334868687778729,0.4294845712965335,0.07182956603735587,0.17193810973715282,,,0,0,0
