"type","timepoint","ari","prec","recall","total_NAs","nclusters","accuracy","num_lost"
"cell","grow",0.578403667917848,0.546358124638058,0.825601400141681,0,5,NA,NA
"mutation","grow",0.400539627039524,0.449299173683412,0.58546757599958,0,7,NA,NA
"loss","grow",NA,NA,0,NA,0,0.917740801499883,0
