cell_ari,mut_ari,ancestral_recall,incomparable_recall,clustered_recall,event_hamming,genotype_hamming,loss_precision,loss_recall,TP,FP,FN
0.578403667917848,0.40053962703952367,0.6901582985515017,0.5408231725103553,0.5071045098348963,0.01647273551537361,0.1304212545554279,,0.0,0,0,351
