"type","timepoint","ari","prec","recall","total_NAs","nclusters","accuracy","num_lost"
"cell","grow",0.576014644731197,0.535867405445799,0.896427769040665,0,4,NA,NA
"mutation","grow",0.346361526607744,0.398970637242196,0.557209556596386,0,5,NA,NA
"loss","grow",NA,NA,0,NA,0,0.896133434420015,0
