cell_ari,mut_ari,ancestral_recall,incomparable_recall,clustered_recall,event_hamming,genotype_hamming,loss_precision,loss_recall,TP,FP,FN
0.5760146447311969,0.34636152660774355,0.7217087848041664,0.9105431309904153,0.5572095565963859,0.0,0.16630443939011036,,0.0,0,0,137
