cell_ari,mut_ari,ancestral_recall,incomparable_recall,clustered_recall,event_hamming,genotype_hamming,loss_precision,loss_recall,TP,FP,FN
0.5760146447311969,0.34636152660774355,0.6038913226004452,0.5337582625118036,0.4622168022012367,0.0,0.16630443939011036,,0.0,0,0,137
