"type","timepoint","ari","prec","recall","total_NAs","nclusters","accuracy","num_lost"
"cell","grow",0.429783921706922,0.503842819884492,0.711844013204578,0,4,NA,NA
"mutation","grow",0.443810145566041,0.593615013704072,0.530694282535813,0,6,NA,NA
"loss","grow",NA,NA,0,NA,0,0.860485268630849,0
