cell_ari,mut_ari,ancestral_recall,incomparable_recall,clustered_recall,event_hamming,genotype_hamming,loss_precision,loss_recall,TP,FP,FN
0.4297839217069223,0.4438101455660407,0.4323746007330556,0.5453529601021658,0.4179775842173708,0.01812770732053215,0.11963463034451405,,0.0,0,0,644
