cell_ari,mut_ari,ancestral_recall,incomparable_recall,clustered_recall,event_hamming,genotype_hamming,loss_precision,loss_recall,TP,FP,FN
0.6772135634304958,0.6411125227800658,0.6379324294215687,0.5791064796740643,0.7705111752074306,0.07442138325952717,0.10185452416119908,,,0,0,0
