"type","timepoint","ari","prec","recall","total_NAs","nclusters","accuracy","num_lost"
"cell","grow",0.611450864206393,0.562089992261893,0.92164297462252,0,4,NA,NA
"mutation","grow",0.649785274784281,0.602456148271892,0.869504304025127,0,5,NA,NA
"loss","grow",NA,NA,0,NA,0,0.904329608938548,0
