cell_ari,mut_ari,ancestral_recall,incomparable_recall,clustered_recall,event_hamming,genotype_hamming,loss_precision,loss_recall,TP,FP,FN
0.6114508642063933,0.649785274784281,0.7489102005231038,0.6304531381930762,0.7229858962619405,0.0,0.1031049260276964,,0.0,0,0,137
