cell_ari,mut_ari,ancestral_recall,incomparable_recall,clustered_recall,event_hamming,genotype_hamming,loss_precision,loss_recall,TP,FP,FN
0.6114508642063933,0.649785274784281,0.8805583139559986,0.9629629629629629,0.8695043040251269,0.0,0.1031049260276964,,0.0,0,0,137
