cell_ari,mut_ari,ancestral_recall,incomparable_recall,clustered_recall,event_hamming,genotype_hamming,loss_precision,loss_recall,TP,FP,FN
0.265941352193605,0.4529915949902048,0.6293576554578141,0.9291964510643658,0.7804961693757118,0.03812707138708268,0.19586865986900154,,,0,0,0
