cell_ari,mut_ari,ancestral_recall,incomparable_recall,clustered_recall,event_hamming,genotype_hamming,loss_precision,loss_recall,TP,FP,FN
0.7012086612000903,0.6644208455491016,0.8684525111980641,0.9760851971364759,0.7256050308714092,0.0,0.058807493919876,,,0,0,0
