cell_ari,mut_ari,ancestral_recall,incomparable_recall,clustered_recall,event_hamming,genotype_hamming,loss_precision,loss_recall,TP,FP,FN
0.49773158985161225,0.8148622389615601,0.7646777416738668,1,0.9349821417079606,0.0969733620074604,0.08482070274891752,,,0,0,0
