cell_ari,mut_ari,ancestral_recall,incomparable_recall,clustered_recall,event_hamming,genotype_hamming,loss_precision,loss_recall,TP,FP,FN
0.7125477228248382,0.5491883441297374,0.8358107291460738,0.49944399407492923,0.869692287467635,0.002157564236892092,0.11128829341823633,,,0,0,0
