cell_ari,mut_ari,ancestral_recall,incomparable_recall,clustered_recall,event_hamming,genotype_hamming,loss_precision,loss_recall,TP,FP,FN
0.8463017990827512,0.6932548737174296,0.8372851608933392,0.10148895550451717,0.9512636672071685,0.02780072823446424,0.1250627542233134,,,0,0,0
