"type","timepoint","ari","prec","recall","total_NAs","nclusters","accuracy","num_lost"
"cell","grow",0.640838181563982,0.620530858253535,0.825103734439834,0,5,NA,NA
"mutation","grow",0.319412335409343,0.445099142804489,0.390027060055866,0,8,NA,NA
"loss","grow",NA,NA,0,NA,0,0.944835680751174,0
