cell_ari,mut_ari,ancestral_recall,incomparable_recall,clustered_recall,event_hamming,genotype_hamming,loss_precision,loss_recall,TP,FP,FN
0.6408381815639815,0.3194123354093435,0.5082986981551826,0.664212226404654,0.3489510862703395,0.0,0.18301072730610854,,0.0,0,0,235
