cell_ari,mut_ari,ancestral_recall,incomparable_recall,clustered_recall,event_hamming,genotype_hamming,loss_precision,loss_recall,TP,FP,FN
1.0,0.679500719356179,0.5366623336820857,0.6929633735162348,0.7191716026760984,0.00019841928375689236,0.06775116480946729,,0.0,0,0,101
