cell_ari,mut_ari,ancestral_recall,incomparable_recall,clustered_recall,event_hamming,genotype_hamming,loss_precision,loss_recall,TP,FP,FN
1.0,0.679500719356179,0.6413214247826504,0.7718368186845693,0.8087832883657851,0.00019841928375689236,0.06775116480946729,,0.0,0,0,101
