"type","timepoint","ari","prec","recall","total_NAs","nclusters","accuracy","num_lost"
"cell","grow",0.638489170426814,0.660588650673055,0.816842342664962,0,4,NA,NA
"mutation","grow",0.660071934412865,0.730858421904619,0.767856537725139,0,5,NA,NA
"loss","grow",NA,NA,0,NA,0,0.948663555366992,0
