cell_ari,mut_ari,ancestral_recall,incomparable_recall,clustered_recall,event_hamming,genotype_hamming,loss_precision,loss_recall,TP,FP,FN
0.6384891704268136,0.6600719344128654,0.7589350610086557,1,0.7678565377251394,0.03409038973399891,0.10619427928848688,,0.0,0,0,242
