cell_ari,mut_ari,ancestral_recall,incomparable_recall,clustered_recall,event_hamming,genotype_hamming,loss_precision,loss_recall,TP,FP,FN
0.6384891704268136,0.6600719344128654,0.6833357178644538,1,0.7045853908182055,0.03409038973399891,0.10619427928848688,,0.0,0,0,242
