"type","timepoint","ari","prec","recall","total_NAs","nclusters","accuracy","num_lost"
"cell","grow",0.756934707314883,0.721955283233854,0.933215505654363,0,4,NA,NA
"mutation","grow",0.446933415040826,0.431486053245512,0.785166454847137,0,6,NA,NA
"loss","grow",NA,NA,0,NA,0,0.941467436108821,0
