cell_ari,mut_ari,ancestral_recall,incomparable_recall,clustered_recall,event_hamming,genotype_hamming,loss_precision,loss_recall,TP,FP,FN
0.7569347073148834,0.44693341504082623,0.7862141548967014,0.2870077138105516,0.7851664548471369,0.0027454185347560757,0.16310337419650706,,0.0,0,0,142
