"type","timepoint","ari","prec","recall","total_NAs","nclusters","accuracy","num_lost"
"cell","grow",0.473162043282591,0.444317942187906,0.927140143261505,0,3,NA,NA
"mutation","grow",0.446116510779693,0.433946828694991,0.759854196229816,0,4,NA,NA
"loss","grow",NA,NA,0,NA,0,0.902491103202847,0
