cell_ari,mut_ari,ancestral_recall,incomparable_recall,clustered_recall,event_hamming,genotype_hamming,loss_precision,loss_recall,TP,FP,FN
0.4731620432825906,0.44611651077969283,0.6503568792066176,0.5869483568075118,0.6309578989104758,0.007296677240249602,0.15913017353787448,,0.0,0,0,137
