cell_ari,mut_ari,ancestral_recall,incomparable_recall,clustered_recall,event_hamming,genotype_hamming,loss_precision,loss_recall,TP,FP,FN
0.4731620432825906,0.44611651077969283,0.7674406722723424,0.9138888888888889,0.7598541962298158,0.007296677240249602,0.15913017353787448,,0.0,0,0,137
