cell_ari,mut_ari,ancestral_recall,incomparable_recall,clustered_recall,event_hamming,genotype_hamming,loss_precision,loss_recall,TP,FP,FN
0.7644873047515651,0.5200635542361384,0.7941498300406555,0.9107142857142857,0.5786367934521441,0.05134360277152832,0.10722618760272634,,,0,0,0
