"type","timepoint","ari","prec","recall","total_NAs","nclusters","accuracy","num_lost"
"cell","grow",0.752888553770211,0.799149700540345,0.809006142123702,0,5,NA,NA
"mutation","grow",0.411809424470192,0.551935856688818,0.521204030324882,0,5,NA,NA
"loss","grow",NA,NA,0,NA,0,0.909024745269287,0
