cell_ari,mut_ari,ancestral_recall,incomparable_recall,clustered_recall,event_hamming,genotype_hamming,loss_precision,loss_recall,TP,FP,FN
0.45296935969825686,0.7671123416826335,0.9080694809399334,1,0.7812108838239139,0.09948956095914731,0.0798975298187571,,,0,0,0
