"type","timepoint","ari","prec","recall","total_NAs","nclusters","accuracy","num_lost"
"cell","grow",0.550829805016759,0.548520263545557,0.799097396714228,0,4,NA,NA
"mutation","grow",0.571936454694189,0.559609515155751,0.762667733556872,0,6,NA,NA
"loss","grow",NA,NA,0,NA,0,0.949793672627235,0
