cell_ari,mut_ari,ancestral_recall,incomparable_recall,clustered_recall,event_hamming,genotype_hamming,loss_precision,loss_recall,TP,FP,FN
0.5508298050167587,0.5719364546941887,0.6346326291028968,0.5370609124426048,0.6946605507771152,0.0,0.1713300225679868,,0.0,0,0,73
