"type","timepoint","ari","prec","recall","total_NAs","nclusters","accuracy","num_lost"
"cell","grow",0.686133281108664,0.810080034609561,0.722867018633762,0,5,NA,NA
"mutation","grow",0.473223499675177,0.661937947080867,0.494412184901409,0,8,NA,NA
"loss","grow",NA,NA,0,NA,0,0.900995426419155,0
