cell_ari,mut_ari,ancestral_recall,incomparable_recall,clustered_recall,event_hamming,genotype_hamming,loss_precision,loss_recall,TP,FP,FN
0.6861332811086639,0.4732234996751771,0.6261661614440921,0.7834097671651581,0.4944121849014095,0.0,0.1494483877588163,,0.0,0,0,368
