"type","timepoint","ari","prec","recall","total_NAs","nclusters","accuracy","num_lost"
"cell","grow",0.682955844177345,0.675832921603621,0.870168889545365,0,4,NA,NA
"mutation","grow",0.611998560387237,0.80732984551419,0.672828519696076,0,5,NA,NA
"loss","grow",NA,NA,0,NA,0,0.941002949852507,0
