cell_ari,mut_ari,ancestral_recall,incomparable_recall,clustered_recall,event_hamming,genotype_hamming,loss_precision,loss_recall,TP,FP,FN
0.6829558441773449,0.6119985603872369,0.7426525134930271,0.08372576280815057,0.6401649994964759,0.038955513088702515,0.14928892440872277,,0.0,0,0,140
