cell_ari,mut_ari,ancestral_recall,incomparable_recall,clustered_recall,event_hamming,genotype_hamming,loss_precision,loss_recall,TP,FP,FN
1.0,0.6205807062765474,0.7591618460687906,0.7989482706283592,0.9199675336034202,0.04872146079447471,0.05508527625781293,,,0,0,0
