cell_ari,mut_ari,ancestral_recall,incomparable_recall,clustered_recall,event_hamming,genotype_hamming,loss_precision,loss_recall,TP,FP,FN
0.826525300743477,0.8320704854208104,0.9324331193784295,1,0.9561158198486589,0.01112219594332427,0.023000283451197256,,,0,0,0
