"type","timepoint","ari","prec","recall","total_NAs","nclusters","accuracy","num_lost"
"cell","grow",0.575286583071765,0.666798076040113,0.674197431653225,0,5,NA,NA
"mutation","grow",0.334563720941393,0.402730598052153,0.510972185970117,0,6,NA,NA
"loss","grow",NA,NA,0,NA,0,0.93173821252639,0
