cell_ari,mut_ari,ancestral_recall,incomparable_recall,clustered_recall,event_hamming,genotype_hamming,loss_precision,loss_recall,TP,FP,FN
0.575286583071765,0.33456372094139286,0.6884985920505223,0.10270117338733695,0.45954642527926165,0.0,0.24419155476729368,,0.0,0,0,97
