cell_ari,mut_ari,ancestral_recall,incomparable_recall,clustered_recall,event_hamming,genotype_hamming,loss_precision,loss_recall,TP,FP,FN
0.5343386668965997,0.3167749046651434,0.45962113380067904,0.32754194973064965,0.6340574828786348,0.0,0.23023065452937932,,0.0,0,0,98
