cell_ari,mut_ari,ancestral_recall,incomparable_recall,clustered_recall,event_hamming,genotype_hamming,loss_precision,loss_recall,TP,FP,FN
0.6514502335818948,0.5309181734615868,0.8275346929122611,0.6104149633757696,0.64531637213631,0.002132688370872164,0.11354707616933755,,,0,0,0
