cell_ari,mut_ari,ancestral_recall,incomparable_recall,clustered_recall,event_hamming,genotype_hamming,loss_precision,loss_recall,TP,FP,FN
0.18516451332132072,0.2958836804107144,0.44047292887780376,0.14132832961366393,0.7201404657548715,0.03672183986579567,0.21860947146671114,,0.0,0,0,289
