cell_ari,mut_ari,ancestral_recall,incomparable_recall,clustered_recall,event_hamming,genotype_hamming,loss_precision,loss_recall,TP,FP,FN
0.6784823978671227,0.5514781606610166,0.7619402377973378,0.6077249708994785,0.9095842225864624,0.027187129892367053,0.08212631636566001,,,0,0,0
