cell_ari,mut_ari,ancestral_recall,incomparable_recall,clustered_recall,event_hamming,genotype_hamming,loss_precision,loss_recall,TP,FP,FN
1.0,0.5240580006346577,0.8424841823069714,0.7539293343595315,0.5854757263939414,0.0691613441107358,0.0699961726337488,,,0,0,0
