"type","timepoint","ari","prec","recall","total_NAs","nclusters","accuracy","num_lost"
"cell","grow",0.499712230524636,0.440374164090753,0.950012258039912,0,4,NA,NA
"mutation","grow",0.578432054612764,0.53261691576444,0.863255793467596,0,5,NA,NA
"loss","grow",NA,NA,0,NA,0,0.902176209592225,0
