cell_ari,mut_ari,ancestral_recall,incomparable_recall,clustered_recall,event_hamming,genotype_hamming,loss_precision,loss_recall,TP,FP,FN
0.49971223052463587,0.5784320546127643,0.7120356707026616,0.6063810837474423,0.7226146284290536,0.0012406761440344621,0.0950198558243091,,0.0,0,0,463
