"type","timepoint","ari","prec","recall","total_NAs","nclusters","accuracy","num_lost"
"cell","grow",0.504477853565668,0.548376266881618,0.676499952981098,0,5,NA,NA
"mutation","grow",0.457029325803204,0.536847362767435,0.541213149581316,0,7,NA,NA
"loss","grow",NA,NA,0,NA,0,0.948884089272858,0
