cell_ari,mut_ari,ancestral_recall,incomparable_recall,clustered_recall,event_hamming,genotype_hamming,loss_precision,loss_recall,TP,FP,FN
0.5044778535656681,0.45702932580320405,0.6277003594617219,0.5435340123491569,0.49232004818793296,0.0,0.18694504439644827,,0.0,0,0,71
