cell_ari,mut_ari,ancestral_recall,incomparable_recall,clustered_recall,event_hamming,genotype_hamming,loss_precision,loss_recall,TP,FP,FN
0.5312551502441352,0.670176608919281,0.8620013869207345,0.631066633440104,0.7646773146202915,0.006000215958057527,0.1505242593641907,,,0,0,0
