"type","timepoint","ari","prec","recall","total_NAs","nclusters","accuracy","num_lost"
"cell","grow",0.648928686279621,0.676632406690454,0.829324914731489,0,4,NA,NA
"mutation","grow",0.74523463580083,0.714610363386714,0.930550642049203,0,5,NA,NA
"loss","grow",NA,NA,0,NA,0,0.862518089725036,0
