cell_ari,mut_ari,ancestral_recall,incomparable_recall,clustered_recall,event_hamming,genotype_hamming,loss_precision,loss_recall,TP,FP,FN
0.6489286862796209,0.7452346358008296,0.8566685156836495,0.38737250761974495,0.930550642049203,0.0050182363744535555,0.13067512359727623,,0.0,0,0,190
