cell_ari,mut_ari,ancestral_recall,incomparable_recall,clustered_recall,event_hamming,genotype_hamming,loss_precision,loss_recall,TP,FP,FN
0.6489286862796209,0.7452346358008296,0.6978124705623137,0.26827830188679247,0.7228343415663075,0.0050182363744535555,0.13067512359727623,,0.0,0,0,190
