cell_ari,mut_ari,ancestral_recall,incomparable_recall,clustered_recall,event_hamming,genotype_hamming,loss_precision,loss_recall,TP,FP,FN
0.6293440495122539,0.328015471290659,0.7851256549391118,1,0.42559031495619254,0.02060244370937858,0.1192475094303124,,,0,0,0
