"type","timepoint","ari","prec","recall","total_NAs","nclusters","accuracy","num_lost"
"cell","grow",0.673830120232442,0.630417349601192,0.917996741743281,0,4,NA,NA
"mutation","grow",0.500837934257168,0.492192003467331,0.731137450827641,0,5,NA,NA
"loss","grow",NA,NA,0,NA,0,0.932005494505495,0
