cell_ari,mut_ari,ancestral_recall,incomparable_recall,clustered_recall,event_hamming,genotype_hamming,loss_precision,loss_recall,TP,FP,FN
0.6738301202324423,0.5008379342571677,0.7347766202411151,0.7069383039701407,0.6379903144979157,0.019495189757011994,0.10523221994841891,,0.0,0,0,99
