cell_ari,mut_ari,ancestral_recall,incomparable_recall,clustered_recall,event_hamming,genotype_hamming,loss_precision,loss_recall,TP,FP,FN
0.5277238144279368,0.4717992659162492,0.8161297173593623,1,0.5848449263775068,0.09750066494287564,0.11567336075539608,,,0,0,0
