cell_ari,mut_ari,ancestral_recall,incomparable_recall,clustered_recall,event_hamming,genotype_hamming,loss_precision,loss_recall,TP,FP,FN
0.8944223165064817,0.7212113599308897,0.8564030576723973,0.9685470085470086,0.8825416883470849,0.03259736239675275,0.03863153746547124,,,0,0,0
