cell_ari,mut_ari,ancestral_recall,incomparable_recall,clustered_recall,event_hamming,genotype_hamming,loss_precision,loss_recall,TP,FP,FN
0.7208320518872084,0.726317516821365,0.9143781208888241,0.990521327014218,0.888701771801849,0.04940613682177884,0.035007527889308256,,,0,0,0
