"type","timepoint","ari","prec","recall","total_NAs","nclusters","accuracy","num_lost"
"cell","grow",0.435967551431186,0.437333765550502,0.793723054687988,0,4,NA,NA
"mutation","grow",0.487332033624945,0.503243075090621,0.677705890523278,0,6,NA,NA
"loss","grow",NA,NA,0,NA,0,0.896394529631165,0
