cell_ari,mut_ari,ancestral_recall,incomparable_recall,clustered_recall,event_hamming,genotype_hamming,loss_precision,loss_recall,TP,FP,FN
0.43596755143118643,0.48733203362494504,0.5839533758559879,0.6848454247320429,0.5500346370563775,0.0,0.09750257354889583,,0.0,0,0,250
