"type","timepoint","ari","prec","recall","total_NAs","nclusters","accuracy","num_lost"
"cell","grow",0.508696605900729,0.549576091680834,0.781400460744779,0,4,NA,NA
"mutation","grow",0.433654150208278,0.488192038210464,0.723379020205405,0,4,NA,NA
"loss","grow",NA,NA,0,NA,0,0.912870411322424,0
