cell_ari,mut_ari,ancestral_recall,incomparable_recall,clustered_recall,event_hamming,genotype_hamming,loss_precision,loss_recall,TP,FP,FN
0.5086966059007294,0.43365415020827813,0.6468683187187638,1,0.6041112379463354,0.0012049187092514648,0.11375978963013776,,0.0,0,0,197
