"type","timepoint","ari","prec","recall","total_NAs","nclusters","accuracy","num_lost"
"cell","grow",0.662873518357203,0.808950651055914,0.690270908395589,0,5,NA,NA
"mutation","grow",0.540385421024488,0.680365038430353,0.580245679991507,0,7,NA,NA
"loss","grow",NA,NA,0,NA,0,0.909723889555822,0
