cell_ari,mut_ari,ancestral_recall,incomparable_recall,clustered_recall,event_hamming,genotype_hamming,loss_precision,loss_recall,TP,FP,FN
0.6628735183572027,0.5403854210244883,0.57326924234961,0.6213700781523573,0.4684349111409027,0.0,0.13463970051645813,,0.0,0,0,376
