cell_ari,mut_ari,ancestral_recall,incomparable_recall,clustered_recall,event_hamming,genotype_hamming,loss_precision,loss_recall,TP,FP,FN
0.4131468723470426,0.34885182409322163,0.7376917964959563,1,0.49811265023868784,0.09914637370384514,0.1324838689114437,,,0,0,0
