"type","timepoint","ari","prec","recall","total_NAs","nclusters","accuracy","num_lost"
"cell","grow",0.385737203567316,0.428452360564024,0.700291585994542,0,4,NA,NA
"mutation","grow",0.219668265622861,0.309195322141264,0.470064410585104,0,6,NA,NA
"loss","grow",NA,NA,0,NA,0,0.882655446470313,0
