cell_ari,mut_ari,ancestral_recall,incomparable_recall,clustered_recall,event_hamming,genotype_hamming,loss_precision,loss_recall,TP,FP,FN
0.3857372035673156,0.21966826562286146,0.4983312921516153,0.5731857093956787,0.4700644105851036,0.0,0.22258323722401951,,0.0,0,0,502
