cell_ari,mut_ari,ancestral_recall,incomparable_recall,clustered_recall,event_hamming,genotype_hamming,loss_precision,loss_recall,TP,FP,FN
0.3857372035673156,0.21966826562286146,0.40206651313437397,0.435242282170861,0.4048060420795941,0.0,0.22258323722401951,,0.0,0,0,502
