cell_ari,mut_ari,ancestral_recall,incomparable_recall,clustered_recall,event_hamming,genotype_hamming,loss_precision,loss_recall,TP,FP,FN
0.8122589885903047,0.7104246517408104,0.5948831008787469,0.6640737512416519,0.6664787884472345,0.0,0.13713046229863646,,0.0,0,0,376
