cell_ari,mut_ari,ancestral_recall,incomparable_recall,clustered_recall,event_hamming,genotype_hamming,loss_precision,loss_recall,TP,FP,FN
0.8445959167699144,0.4812144844493801,0.6226067730437507,0.027725977454636886,0.7978845234945444,0.016980443934283475,0.1925489082553428,,,0,0,0
