cell_ari,mut_ari,ancestral_recall,incomparable_recall,clustered_recall,event_hamming,genotype_hamming,loss_precision,loss_recall,TP,FP,FN
0.7816764285043942,0.36714848547338425,0.6654891017975046,0.5805414098097025,0.5244173477938765,0.000446815424610052,0.12175695077113295,,0.0,0,0,95
