cell_ari,mut_ari,ancestral_recall,incomparable_recall,clustered_recall,event_hamming,genotype_hamming,loss_precision,loss_recall,TP,FP,FN
0.929000653804804,0.6810750392342972,0.8914200926906605,0.9463844461069556,0.7270694161324481,0.03475160383675394,0.042487225475636894,,,0,0,0
