"type","timepoint","ari","prec","recall","total_NAs","nclusters","accuracy","num_lost"
"cell","grow",0.633347066283729,0.577273077542785,0.894874701903906,0,5,NA,NA
"mutation","grow",0.508397819115556,0.497733019315307,0.750253548248376,0,6,NA,NA
"loss","grow",NA,NA,0,NA,0,0.921978021978022,0
