cell_ari,mut_ari,ancestral_recall,incomparable_recall,clustered_recall,event_hamming,genotype_hamming,loss_precision,loss_recall,TP,FP,FN
0.6333470662837292,0.5083978191155563,0.7323975342829024,0.6658599158409122,0.648016698030257,0.002288629108333398,0.09184354232945494,,0.0,0,0,355
