"type","timepoint","ari","prec","recall","total_NAs","nclusters","accuracy","num_lost"
"cell","grow",0.666686908808031,0.617057142420491,0.887999137862779,0,5,NA,NA
"mutation","grow",0.488594649036996,0.495587213531699,0.694854727246367,0,6,NA,NA
"loss","grow",NA,NA,0,NA,0,0.932603938730853,0
