cell_ari,mut_ari,ancestral_recall,incomparable_recall,clustered_recall,event_hamming,genotype_hamming,loss_precision,loss_recall,TP,FP,FN
0.6666869088080306,0.4885946490369957,0.7600033647230359,0.5156357777852812,0.6102582775243601,0.007094011998842203,0.09569953416078661,,0.0,0,0,154
