cell_ari,mut_ari,ancestral_recall,incomparable_recall,clustered_recall,event_hamming,genotype_hamming,loss_precision,loss_recall,TP,FP,FN
0.4177925669756894,0.8092680123986284,0.84409747119903,0.9463416762744188,0.8742022815698258,0.0019453913041008707,0.13104669890583798,,,0,0,0
