"type","timepoint","ari","prec","recall","total_NAs","nclusters","accuracy","num_lost"
"cell","grow",0.654186365071964,0.608001175499479,0.873283674736189,0,5,NA,NA
"mutation","grow",0.364662196538946,0.411670076026029,0.575471432592176,0,6,NA,NA
"loss","grow",NA,NA,0,NA,0,0.931679925128685,0
