cell_ari,mut_ari,ancestral_recall,incomparable_recall,clustered_recall,event_hamming,genotype_hamming,loss_precision,loss_recall,TP,FP,FN
0.6541863650719643,0.3646621965389465,0.7965795678186686,0.5618914045281507,0.5754714325921756,0.007132290280264657,0.12594558644456913,,0.0,0,0,146
