cell_ari,mut_ari,ancestral_recall,incomparable_recall,clustered_recall,event_hamming,genotype_hamming,loss_precision,loss_recall,TP,FP,FN
0.6541863650719643,0.3646621965389465,0.7109981183431259,0.35756725742700496,0.5100009727844833,0.007132290280264657,0.12594558644456913,,0.0,0,0,146
