"type","timepoint","ari","prec","recall","total_NAs","nclusters","accuracy","num_lost"
"cell","grow",0.73982836400532,0.789007061098085,0.781718438934342,0,6,NA,NA
"mutation","grow",0.58707695290124,0.631230278660887,0.673527225304907,0,7,NA,NA
"loss","grow",NA,NA,0,NA,0,0.948268303375712,0
