cell_ari,mut_ari,ancestral_recall,incomparable_recall,clustered_recall,event_hamming,genotype_hamming,loss_precision,loss_recall,TP,FP,FN
0.7398283640053196,0.5870769529012397,0.7902119881960559,0.5505024813479192,0.6735272253049067,0.0,0.15120990894626263,,0.0,0,0,118
