cell_ari,mut_ari,ancestral_recall,incomparable_recall,clustered_recall,event_hamming,genotype_hamming,loss_precision,loss_recall,TP,FP,FN
0.7398283640053196,0.5870769529012397,0.7178238248290689,0.4952551767886541,0.6103163983648996,0.0,0.15120990894626263,,0.0,0,0,118
