"type","timepoint","ari","prec","recall","total_NAs","nclusters","accuracy","num_lost"
"cell","grow",0.585444293789929,0.623634897666818,0.768930685862898,0,4,NA,NA
"mutation","grow",0.253451862978088,0.347649698563075,0.431219032224057,0,6,NA,NA
"loss","grow",NA,NA,0,NA,0,0.929745889387145,0
