cell_ari,mut_ari,ancestral_recall,incomparable_recall,clustered_recall,event_hamming,genotype_hamming,loss_precision,loss_recall,TP,FP,FN
0.5854442937899293,0.25345186297808786,0.5385556476240857,0.2601816674572319,0.387857793061596,0.0,0.25482046923462365,,0.0,0,0,94
