cell_ari,mut_ari,ancestral_recall,incomparable_recall,clustered_recall,event_hamming,genotype_hamming,loss_precision,loss_recall,TP,FP,FN
0.5854442937899293,0.25345186297808786,0.6243584478644477,0.29432768157587247,0.43121903222405733,0.0,0.25482046923462365,,0.0,0,0,94
