"type","timepoint","ari","prec","recall","total_NAs","nclusters","accuracy","num_lost"
"cell","grow",0.425901518832213,0.428940654464781,0.803678686480308,0,4,NA,NA
"mutation","grow",0.295488271326382,0.3815624649917,0.454777187581934,0,6,NA,NA
"loss","grow",NA,NA,0,NA,0,0.89343192692475,0
