cell_ari,mut_ari,ancestral_recall,incomparable_recall,clustered_recall,event_hamming,genotype_hamming,loss_precision,loss_recall,TP,FP,FN
0.425901518832213,0.2954882713263818,0.48409468194233796,0.6397627529703002,0.3682133211729048,0.0,0.14181498610753565,,0.0,0,0,245
