cell_ari,mut_ari,ancestral_recall,incomparable_recall,clustered_recall,event_hamming,genotype_hamming,loss_precision,loss_recall,TP,FP,FN
0.425901518832213,0.2954882713263818,0.585342116060699,0.9531226598771904,0.4547771875819342,0.0,0.14181498610753565,,0.0,0,0,245
