"type","timepoint","ari","prec","recall","total_NAs","nclusters","accuracy","num_lost"
"cell","grow",0.685272579681363,0.64476149060012,0.879998391166198,0,5,NA,NA
"mutation","grow",0.614887379768713,0.653605102958439,0.696645410689341,0,7,NA,NA
"loss","grow",NA,NA,0,NA,0,0.950272765421737,0
