cell_ari,mut_ari,ancestral_recall,incomparable_recall,clustered_recall,event_hamming,genotype_hamming,loss_precision,loss_recall,TP,FP,FN
0.6852725796813633,0.6148873797687133,0.7570719632847753,0.6589742069064161,0.6311294044238298,0.0,0.14885838246306832,,0.0,0,0,237
