cell_ari,mut_ari,ancestral_recall,incomparable_recall,clustered_recall,event_hamming,genotype_hamming,loss_precision,loss_recall,TP,FP,FN
0.91295724939424,0.5572763237182126,0.5684163186636685,0.7918545163868905,0.6564643048239909,0.00020266405871920641,0.08781617566164898,,0.0,0,0,101
