cell_ari,mut_ari,ancestral_recall,incomparable_recall,clustered_recall,event_hamming,genotype_hamming,loss_precision,loss_recall,TP,FP,FN
0.39262839573190833,0.6025573759126042,0.705041206724792,0.9568660107531138,0.8659952305871669,0.010537711307455991,0.1685138532416892,,,0,0,0
