cell_ari,mut_ari,ancestral_recall,incomparable_recall,clustered_recall,event_hamming,genotype_hamming,loss_precision,loss_recall,TP,FP,FN
0.4874158257919186,0.3287534147050656,0.5894965457328424,0.7410002319424782,0.568738552359367,0.011192290653225141,0.1685398126971078,,,0,0,0
