"type","timepoint","ari","prec","recall","total_NAs","nclusters","accuracy","num_lost"
"cell","grow",0.439933629035069,0.439208024048237,0.801806038942715,0,4,NA,NA
"mutation","grow",0.40659921497265,0.454243176000746,0.577553769261099,0,6,NA,NA
"loss","grow",NA,NA,0,NA,0,0.895903010033445,0
