cell_ari,mut_ari,ancestral_recall,incomparable_recall,clustered_recall,event_hamming,genotype_hamming,loss_precision,loss_recall,TP,FP,FN
0.4399336290350687,0.40659921497265,0.5478725455737552,0.680360169058946,0.4677193111976523,0.0,0.1130253668580393,,0.0,0,0,249
