"type","timepoint","ari","prec","recall","total_NAs","nclusters","accuracy","num_lost"
"cell","grow",0.733460276087451,0.772945401551033,0.789052537617955,0,6,NA,NA
"mutation","grow",0.436984860843439,0.506507480899094,0.547634967991484,0,7,NA,NA
"loss","grow",NA,NA,0,NA,0,0.944045911047346,0
