cell_ari,mut_ari,ancestral_recall,incomparable_recall,clustered_recall,event_hamming,genotype_hamming,loss_precision,loss_recall,TP,FP,FN
0.7334602760874508,0.43698486084343946,0.7157975079751364,0.5063967877191587,0.5476349679914844,0.0,0.18462160480621462,,0.0,0,0,117
