cell_ari,mut_ari,ancestral_recall,incomparable_recall,clustered_recall,event_hamming,genotype_hamming,loss_precision,loss_recall,TP,FP,FN
0.7334602760874508,0.43698486084343946,0.6466076346123157,0.4507632780979165,0.4924078617454369,0.0,0.18462160480621462,,0.0,0,0,117
