"type","timepoint","ari","prec","recall","total_NAs","nclusters","accuracy","num_lost"
"cell","grow",0.750783643029022,0.840446274292297,0.783626382369321,0,5,NA,NA
"mutation","grow",0.511787534534523,0.6458196876758,0.590194632035641,0,6,NA,NA
"loss","grow",NA,NA,0,NA,0,0.929959514170041,0
