cell_ari,mut_ari,ancestral_recall,incomparable_recall,clustered_recall,event_hamming,genotype_hamming,loss_precision,loss_recall,TP,FP,FN
0.7104504146889175,0.768633019034705,0.9053037102289612,0.9896886021432447,0.823254662282496,0.0,0.04630025299730732,,,0,0,0
