"type","timepoint","ari","prec","recall","total_NAs","nclusters","accuracy","num_lost"
"cell","grow",0.696995113682221,0.754945702771398,0.769597814200472,0,5,NA,NA
"mutation","grow",0.51379809380103,0.815031854279756,0.529193047471598,0,7,NA,NA
"loss","grow",NA,NA,0,NA,0,0.938936038087352,0
