cell_ari,mut_ari,ancestral_recall,incomparable_recall,clustered_recall,event_hamming,genotype_hamming,loss_precision,loss_recall,TP,FP,FN
0.6969951136822212,0.5137980938010305,0.7398833048477964,0.0018368139811860316,0.5054166093020361,0.0,0.15308753302009426,,0.0,0,0,295
