"type","timepoint","ari","prec","recall","total_NAs","nclusters","accuracy","num_lost"
"cell","grow",0.488116469670236,0.710458491663838,0.602833226968453,0,4,NA,NA
"mutation","grow",0.534463215454514,0.575484700150219,0.652995336601698,0,6,NA,NA
"loss","grow",NA,NA,0,NA,0,0.885750962772786,0
