cell_ari,mut_ari,ancestral_recall,incomparable_recall,clustered_recall,event_hamming,genotype_hamming,loss_precision,loss_recall,TP,FP,FN
0.4881164696702362,0.5344632154545143,0.6266696891496693,0.631524444886986,0.5479501375231665,0.0,0.14364692120034017,,0.0,0,0,267
