"type","timepoint","ari","prec","recall","total_NAs","nclusters","accuracy","num_lost"
"cell","grow",0.530843431576324,0.730367506827615,0.573367961409809,0,5,NA,NA
"mutation","grow",0.421443165035897,0.724424205347372,0.498223687914263,0,5,NA,NA
"loss","grow",NA,NA,0,NA,0,0.943918426802622,0
