cell_ari,mut_ari,ancestral_recall,incomparable_recall,clustered_recall,event_hamming,genotype_hamming,loss_precision,loss_recall,TP,FP,FN
0.530843431576324,0.4214431650358967,0.7787159748353931,0.0,0.4789901124914186,0.014098499072421425,0.16832036094886726,,0.0,0,0,77
