"type","timepoint","ari","prec","recall","total_NAs","nclusters","accuracy","num_lost"
"cell","grow",0.649854979634846,0.67248631595977,0.822436840738497,0,4,NA,NA
"mutation","grow",0.560777931046755,0.676282151545931,0.672693361725419,0,5,NA,NA
"loss","grow",NA,NA,0,NA,0,0.951698279664755,0
