cell_ari,mut_ari,ancestral_recall,incomparable_recall,clustered_recall,event_hamming,genotype_hamming,loss_precision,loss_recall,TP,FP,FN
0.6498549796348462,0.5607779310467546,0.726587321874736,1,0.672693361725419,0.03429161099130803,0.12132864895873478,,0.0,0,0,219
