cell_ari,mut_ari,ancestral_recall,incomparable_recall,clustered_recall,event_hamming,genotype_hamming,loss_precision,loss_recall,TP,FP,FN
0.920980137401755,0.37402196184745184,0.6950432385866923,0.10385641817107043,0.5530930794848954,0.0,0.1836339338304576,,0.0,0,0,258
