"type","timepoint","ari","prec","recall","total_NAs","nclusters","accuracy","num_lost"
"cell","grow",0.46058820468672,0.520164136542027,0.627568313301578,0,5,NA,NA
"mutation","grow",0.379920787110807,0.482017656638382,0.464768595041322,0,7,NA,NA
"loss","grow",NA,NA,0,NA,0,0.945902943516309,0
