cell_ari,mut_ari,ancestral_recall,incomparable_recall,clustered_recall,event_hamming,genotype_hamming,loss_precision,loss_recall,TP,FP,FN
0.46058820468672,0.37992078711080723,0.6288039936553996,0.6205608021452722,0.46476859504132234,0.0,0.20567247655553142,,0.0,0,0,68
