cell_ari,mut_ari,ancestral_recall,incomparable_recall,clustered_recall,event_hamming,genotype_hamming,loss_precision,loss_recall,TP,FP,FN
0.46058820468672,0.37992078711080723,0.5658926308917179,0.5570026267044801,0.42144034772182254,0.0,0.20567247655553142,,0.0,0,0,68
