"type","timepoint","ari","prec","recall","total_NAs","nclusters","accuracy","num_lost"
"cell","grow",0.767701467370302,0.727774964781848,0.956443823666994,0,4,NA,NA
"mutation","grow",0.623700260415638,0.642508432500722,0.845229501993771,0,5,NA,NA
"loss","grow",NA,NA,0,NA,0,0.946405784772437,0
