cell_ari,mut_ari,ancestral_recall,incomparable_recall,clustered_recall,event_hamming,genotype_hamming,loss_precision,loss_recall,TP,FP,FN
0.7677014673703019,0.6237002604156378,0.7961701645798047,1,0.8452295019937713,0.003978037961847979,0.08229163684986535,,0.0,0,0,126
