cell_ari,mut_ari,ancestral_recall,incomparable_recall,clustered_recall,event_hamming,genotype_hamming,loss_precision,loss_recall,TP,FP,FN
0.44408281060790444,0.3683506202767946,0.7010420431273341,0.8280740528347083,0.40417782327925655,0.01000621300807691,0.15797714416218686,,,0,0,0
