cell_ari,mut_ari,ancestral_recall,incomparable_recall,clustered_recall,event_hamming,genotype_hamming,loss_precision,loss_recall,TP,FP,FN
0.6274080087566402,0.6052937365619322,0.5177898820838489,0.8087341527734081,0.5929649744262463,0.0,0.06233105908941206,,0.0,0,0,123
