cell_ari,mut_ari,ancestral_recall,incomparable_recall,clustered_recall,event_hamming,genotype_hamming,loss_precision,loss_recall,TP,FP,FN
0.6274080087566402,0.6052937365619322,0.6003147350772357,0.8761770733826716,0.6711272748376239,0.0,0.06233105908941206,,0.0,0,0,123
