"type","timepoint","ari","prec","recall","total_NAs","nclusters","accuracy","num_lost"
"cell","grow",0.73688506932769,0.685026732318434,0.913833616733185,0,6,NA,NA
"mutation","grow",0.731426966409456,0.775070399676899,0.768417477773254,0,8,NA,NA
"loss","grow",NA,NA,0,NA,0,0.923639492363949,0
