cell_ari,mut_ari,ancestral_recall,incomparable_recall,clustered_recall,event_hamming,genotype_hamming,loss_precision,loss_recall,TP,FP,FN
0.73688506932769,0.7314269664094564,0.8237990611480479,0.6984126220886552,0.6630593068188322,0.013791294616425198,0.06606229249242138,,0.0,0,0,355
