cell_ari,mut_ari,ancestral_recall,incomparable_recall,clustered_recall,event_hamming,genotype_hamming,loss_precision,loss_recall,TP,FP,FN
0.73688506932769,0.7314269664094564,0.9400517840674495,0.9861797146319853,0.7684174777732538,0.013791294616425198,0.06606229249242138,,0.0,0,0,355
