"type","timepoint","ari","prec","recall","total_NAs","nclusters","accuracy","num_lost"
"cell","grow",0.67825629168691,0.74967621260464,0.786955576723621,0,4,NA,NA
"mutation","grow",0.555571905083122,0.795057286386193,0.623493543758967,0,5,NA,NA
"loss","grow",NA,NA,0,NA,0,0.94300518134715,0
