cell_ari,mut_ari,ancestral_recall,incomparable_recall,clustered_recall,event_hamming,genotype_hamming,loss_precision,loss_recall,TP,FP,FN
0.6782562916869098,0.5555719050831217,0.870063159983494,0.15991724426386233,0.623493543758967,0.01701233542859171,0.15963110337449982,,0.0,0,0,77
