cell_ari,mut_ari,ancestral_recall,incomparable_recall,clustered_recall,event_hamming,genotype_hamming,loss_precision,loss_recall,TP,FP,FN
0.6782562916869098,0.5555719050831217,0.7307503650409167,0.14895230409617097,0.6009489759759846,0.01701233542859171,0.15963110337449982,,0.0,0,0,77
