cell_ari,mut_ari,ancestral_recall,incomparable_recall,clustered_recall,event_hamming,genotype_hamming,loss_precision,loss_recall,TP,FP,FN
0.886083890888513,0.7250373912300974,0.8815277736201843,0.1513942629752942,0.9232765486118104,0.013661561583203252,0.1217595769020661,,,0,0,0
