"type","timepoint","ari","prec","recall","total_NAs","nclusters","accuracy","num_lost"
"cell","grow",0.623179723273465,0.772786612609275,0.656730681214873,0,5,NA,NA
"mutation","grow",0.308135413330175,0.488521969119964,0.421835903610667,0,7,NA,NA
"loss","grow",NA,NA,0,NA,0,0.939267886855241,0
