cell_ari,mut_ari,ancestral_recall,incomparable_recall,clustered_recall,event_hamming,genotype_hamming,loss_precision,loss_recall,TP,FP,FN
0.6384643391933339,0.2886465951317034,0.5194294761739401,0.5254934210526315,0.42978480038869543,0.0,0.22166144181089553,,0.0,0,0,140
