cell_ari,mut_ari,ancestral_recall,incomparable_recall,clustered_recall,event_hamming,genotype_hamming,loss_precision,loss_recall,TP,FP,FN
0.6959405413377509,0.45941652214983664,0.6836238891599757,0.7100665799756269,0.6383227344003892,0.015154923787939385,0.13616268205885376,,,0,0,0
