"type","timepoint","ari","prec","recall","total_NAs","nclusters","accuracy","num_lost"
"cell","grow",0.712380087864714,0.688275234878219,0.89520281747761,0,4,NA,NA
"mutation","grow",0.298041892021857,0.355815349176538,0.551773530002007,0,6,NA,NA
"loss","grow",NA,NA,0,NA,0,0.937750111160516,0
