cell_ari,mut_ari,ancestral_recall,incomparable_recall,clustered_recall,event_hamming,genotype_hamming,loss_precision,loss_recall,TP,FP,FN
0.7123800878647143,0.2980418920218566,0.6592399904012123,0.2729962532983696,0.5517735300020068,0.006224522176385872,0.2047619942271086,,0.0,0,0,140
