cell_ari,mut_ari,ancestral_recall,incomparable_recall,clustered_recall,event_hamming,genotype_hamming,loss_precision,loss_recall,TP,FP,FN
0.7123800878647143,0.2980418920218566,0.5842622211042582,0.23841719425066346,0.49781937104640767,0.006224522176385872,0.2047619942271086,,0.0,0,0,140
