"type","timepoint","ari","prec","recall","total_NAs","nclusters","accuracy","num_lost"
"cell","grow",0.810026457864829,0.861278578051152,0.836490861251796,0,5,NA,NA
"mutation","grow",0.442803788093638,0.564936166089295,0.566633023064558,0,6,NA,NA
"loss","grow",NA,NA,0,NA,0,0.852994555353902,0
