cell_ari,mut_ari,ancestral_recall,incomparable_recall,clustered_recall,event_hamming,genotype_hamming,loss_precision,loss_recall,TP,FP,FN
0.8100264578648291,0.44280378809363813,0.5303271296716598,0.39709883912162425,0.45088672207316277,0.001517193891543978,0.15377764334207164,,0.0,0,0,324
