cell_ari,mut_ari,ancestral_recall,incomparable_recall,clustered_recall,event_hamming,genotype_hamming,loss_precision,loss_recall,TP,FP,FN
0.6962114255676107,0.42458272580263967,0.5050850893691786,0.8016743264781889,0.5166041178430762,0.00020127126304346255,0.12619816598114286,,0.0,0,0,95
