cell_ari,mut_ari,ancestral_recall,incomparable_recall,clustered_recall,event_hamming,genotype_hamming,loss_precision,loss_recall,TP,FP,FN
0.6962114255676107,0.42458272580263967,0.4248158138411369,0.714794639999117,0.4593422286122296,0.00020127126304346255,0.12619816598114286,,0.0,0,0,95
