cell_ari,mut_ari,ancestral_recall,incomparable_recall,clustered_recall,event_hamming,genotype_hamming,loss_precision,loss_recall,TP,FP,FN
0.43615450240519993,0.3522204774400476,0.6710743363135693,1,0.5303567453703453,0.03894682764559212,0.12690987323409836,,,0,0,0
