"type","timepoint","ari","prec","recall","total_NAs","nclusters","accuracy","num_lost"
"cell","grow",0.627555871118997,0.709803576921387,0.747270540340489,0,4,NA,NA
"mutation","grow",0.379688618102682,0.710549430440551,0.479895072485262,0,5,NA,NA
"loss","grow",NA,NA,0,NA,0,0.941312741312741,0
