cell_ari,mut_ari,ancestral_recall,incomparable_recall,clustered_recall,event_hamming,genotype_hamming,loss_precision,loss_recall,TP,FP,FN
0.6275558711189975,0.3796886181026816,0.7969957070901214,0.17131273087665555,0.479895072485262,0.019105358442913927,0.19173946118184038,,0.0,0,0,76
