"type","timepoint","ari","prec","recall","total_NAs","nclusters","accuracy","num_lost"
"cell","grow",0.419670636816272,0.421506102304804,0.756934983780166,0,5,NA,NA
"mutation","grow",0.31805995172484,0.449023291562387,0.38128132441604,0,9,NA,NA
"loss","grow",NA,NA,0,NA,0,0.948534201954397,0
