cell_ari,mut_ari,ancestral_recall,incomparable_recall,clustered_recall,event_hamming,genotype_hamming,loss_precision,loss_recall,TP,FP,FN
0.4196706368162721,0.31805995172484053,0.6144622330365378,0.7810616177911467,0.3812813244160396,0.0,0.1919608644865156,,0.0,0,0,237
