cell_ari,mut_ari,ancestral_recall,incomparable_recall,clustered_recall,event_hamming,genotype_hamming,loss_precision,loss_recall,TP,FP,FN
0.5482048830353624,0.3055192372678843,0.7366228029358299,0.0,0.5363629874301585,0.05324119662832835,0.14063402194136138,,,0,0,0
