cell_ari,mut_ari,ancestral_recall,incomparable_recall,clustered_recall,event_hamming,genotype_hamming,loss_precision,loss_recall,TP,FP,FN
0.6716901147012966,0.4326006036635197,0.8045172305113961,0.7473267326732673,0.5752453295218662,0.04965049692853807,0.09647679369032641,,,0,0,0
