cell_ari,mut_ari,ancestral_recall,incomparable_recall,clustered_recall,event_hamming,genotype_hamming,loss_precision,loss_recall,TP,FP,FN
0.45982411305625287,0.48231297801787343,0.8108232031834235,1,0.7030339027345514,0.03775853077091816,0.07108057555536848,,,0,0,0
