"type","timepoint","ari","prec","recall","total_NAs","nclusters","accuracy","num_lost"
"cell","grow",0.480243252404868,0.431757141779726,0.906440567637286,0,4,NA,NA
"mutation","grow",0.488740903441519,0.481470274180814,0.748229799899824,0,5,NA,NA
"loss","grow",NA,NA,0,NA,0,0.899740147249892,0
