cell_ari,mut_ari,ancestral_recall,incomparable_recall,clustered_recall,event_hamming,genotype_hamming,loss_precision,loss_recall,TP,FP,FN
0.4802432524048681,0.4887409034415191,0.6760820189622501,0.565178137551607,0.6269879413782188,0.0012189158934023025,0.11255480557783624,,0.0,0,0,463
