cell_ari,mut_ari,ancestral_recall,incomparable_recall,clustered_recall,event_hamming,genotype_hamming,loss_precision,loss_recall,TP,FP,FN
0.8765804807150611,0.5682776528929415,0.8596135290583911,0.7275313287534091,0.6666045869433602,0.06203628016465517,0.0699074768480864,,,0,0,0
