"type","timepoint","ari","prec","recall","total_NAs","nclusters","accuracy","num_lost"
"cell","grow",0.48891363627394,0.451070139884336,0.841399997541276,0,5,NA,NA
"mutation","grow",0.409566689098914,0.451993407468629,0.606356650410224,0,7,NA,NA
"loss","grow",NA,NA,0,NA,0,0.895529197080292,0
