cell_ari,mut_ari,ancestral_recall,incomparable_recall,clustered_recall,event_hamming,genotype_hamming,loss_precision,loss_recall,TP,FP,FN
0.4889136362739396,0.40956668909891425,0.6293341238835976,0.5410249982092973,0.509017622786922,0.0012437694740431735,0.14286467453322052,,0.0,0,0,458
