"type","timepoint","ari","prec","recall","total_NAs","nclusters","accuracy","num_lost"
"cell","grow",0.765120388701801,0.793431608778391,0.837118059254418,0,5,NA,NA
"mutation","grow",0.666028714539996,0.749107600477156,0.727305554821606,0,5,NA,NA
"loss","grow",NA,NA,0,NA,0,0.912560721721027,0
