cell_ari,mut_ari,ancestral_recall,incomparable_recall,clustered_recall,event_hamming,genotype_hamming,loss_precision,loss_recall,TP,FP,FN
0.1764049428778444,0.18511152609993484,0.5505830998503308,0.8108672936259144,0.5281832486814267,0.1017358975792475,0.23833367476593575,,,0,0,0
