"type","timepoint","ari","prec","recall","total_NAs","nclusters","accuracy","num_lost"
"cell","grow",0.666075855860022,0.790419890149996,0.70194427660826,0,5,NA,NA
"mutation","grow",0.394724881690057,0.546050044243437,0.507626218195528,0,6,NA,NA
"loss","grow",NA,NA,0,NA,0,0.850040096230954,0
