cell_ari,mut_ari,ancestral_recall,incomparable_recall,clustered_recall,event_hamming,genotype_hamming,loss_precision,loss_recall,TP,FP,FN
0.6660758558600222,0.3947248816900572,0.577704042856878,0.3467008547008547,0.3953973685264371,0.0007545810371351235,0.18967544578899473,,0.0,0,0,187
