cell_ari,mut_ari,ancestral_recall,incomparable_recall,clustered_recall,event_hamming,genotype_hamming,loss_precision,loss_recall,TP,FP,FN
0.18465908735961367,0.258865858902961,0.4680600301630064,0.22158392099595614,0.7075786255324625,0.03655769077149099,0.23043904029132178,,0.0,0,0,280
