cell_ari,mut_ari,ancestral_recall,incomparable_recall,clustered_recall,event_hamming,genotype_hamming,loss_precision,loss_recall,TP,FP,FN
0.18465908735961367,0.258865858902961,0.40956151540424224,0.20292763794157814,0.6308465853976627,0.03655769077149099,0.23043904029132178,,0.0,0,0,280
