"type","timepoint","ari","prec","recall","total_NAs","nclusters","accuracy","num_lost"
"cell","grow",0.664025796483818,0.659788734563149,0.850347495809812,0,4,NA,NA
"mutation","grow",0.59227849403534,0.627816560792118,0.768286522148916,0,5,NA,NA
"loss","grow",NA,NA,0,NA,0,0.86685667752443,0
