cell_ari,mut_ari,ancestral_recall,incomparable_recall,clustered_recall,event_hamming,genotype_hamming,loss_precision,loss_recall,TP,FP,FN
0.6640257964838179,0.5922784940353399,0.5499541150407019,0.4738772865295805,0.6238902182458529,0.008717816761559602,0.13290629686492805,,0.0,0,0,327
