cell_ari,mut_ari,ancestral_recall,incomparable_recall,clustered_recall,event_hamming,genotype_hamming,loss_precision,loss_recall,TP,FP,FN
0.6640257964838179,0.5922784940353399,0.6850704511993899,0.6645512818105692,0.7682865221489161,0.008717816761559602,0.13290629686492805,,0.0,0,0,327
