"type","timepoint","ari","prec","recall","total_NAs","nclusters","accuracy","num_lost"
"cell","grow",0.645466551261279,0.665031242245832,0.81437233263815,0,5,NA,NA
"mutation","grow",0.399750643812758,0.549029076782083,0.552894199171865,0,7,NA,NA
"loss","grow",NA,NA,0,NA,0,0.947019867549669,0
