cell_ari,mut_ari,ancestral_recall,incomparable_recall,clustered_recall,event_hamming,genotype_hamming,loss_precision,loss_recall,TP,FP,FN
0.6454665512612789,0.39975064381275766,0.6295175256392106,1,0.5168459197827177,0.0039282825192047295,0.1510552318196378,,0.0,0,0,120
