"type","timepoint","ari","prec","recall","total_NAs","nclusters","accuracy","num_lost"
"cell","grow",0.559217441267104,0.61309529287259,0.738755987935419,0,4,NA,NA
"mutation","grow",0.470626924018599,0.578229960683624,0.650907199063536,0,5,NA,NA
"loss","grow",NA,NA,0,NA,0,0.947297297297297,0
