cell_ari,mut_ari,ancestral_recall,incomparable_recall,clustered_recall,event_hamming,genotype_hamming,loss_precision,loss_recall,TP,FP,FN
0.5592174412671044,0.47062692401859946,0.5501916436311611,1,0.5867417889303219,0.00888524529908998,0.13363519120780532,,0.0,0,0,78
