"type","timepoint","ari","prec","recall","total_NAs","nclusters","accuracy","num_lost"
"cell","grow",0.614889941249164,0.641951123342802,0.821984325718646,0,4,NA,NA
"mutation","grow",0.383393149539416,0.499413548144378,0.555063630505256,0,5,NA,NA
"loss","grow",NA,NA,0,NA,0,0.860499265785609,0
