cell_ari,mut_ari,ancestral_recall,incomparable_recall,clustered_recall,event_hamming,genotype_hamming,loss_precision,loss_recall,TP,FP,FN
0.6148899412491642,0.383393149539416,0.6093189388125726,0.6835801856707533,0.5550636305052562,0.009876929281829315,0.13994862975536917,,0.0,0,0,190
