cell_ari,mut_ari,ancestral_recall,incomparable_recall,clustered_recall,event_hamming,genotype_hamming,loss_precision,loss_recall,TP,FP,FN
1.0,0.8636714217677268,0.9689327397398648,0.9778690953123188,0.875293505236975,0.0678066882105121,0.011847103456988759,,,0,0,0
