cell_ari,mut_ari,ancestral_recall,incomparable_recall,clustered_recall,event_hamming,genotype_hamming,loss_precision,loss_recall,TP,FP,FN
0.6252277432180001,0.5151044911219208,0.6970962579156277,1,0.6091020369399822,0.12998266897746966,0.12689773798109566,,,0,0,0
