cell_ari,mut_ari,ancestral_recall,incomparable_recall,clustered_recall,event_hamming,genotype_hamming,loss_precision,loss_recall,TP,FP,FN
1.0,0.5874948796020115,0.7399177108426236,0.7208988664204019,0.8854966258580323,0.04851609847465472,0.07678707638661872,,,0,0,0
