cell_ari,mut_ari,ancestral_recall,incomparable_recall,clustered_recall,event_hamming,genotype_hamming,loss_precision,loss_recall,TP,FP,FN
0.8568802210723974,0.41235044676570354,0.7741262958792343,0.9186610401235479,0.5029186016102455,0.06752586085251264,0.110204839733544,,,0,0,0
