cell_ari,mut_ari,ancestral_recall,incomparable_recall,clustered_recall,event_hamming,genotype_hamming,loss_precision,loss_recall,TP,FP,FN
0.6465011990282187,0.4577817067718604,0.4974232423199403,0.7692147930862823,0.5447165172246748,0.0,0.08589211078464713,,0.0,0,0,140
