cell_ari,mut_ari,ancestral_recall,incomparable_recall,clustered_recall,event_hamming,genotype_hamming,loss_precision,loss_recall,TP,FP,FN
0.6465011990282187,0.4577817067718604,0.584505848961832,0.8376188938485876,0.6148727144416541,0.0,0.08589211078464713,,0.0,0,0,140
