"type","timepoint","ari","prec","recall","total_NAs","nclusters","accuracy","num_lost"
"cell","grow",0.824561320713822,0.795303278377785,0.949641535121359,0,4,NA,NA
"mutation","grow",0.837658159544632,0.923891514693087,0.859351742649152,0,5,NA,NA
"loss","grow",NA,NA,0,NA,0,0.942028985507246,0
