cell_ari,mut_ari,ancestral_recall,incomparable_recall,clustered_recall,event_hamming,genotype_hamming,loss_precision,loss_recall,TP,FP,FN
0.8245613207138216,0.8376581595446321,0.9467989293654524,0.24123348017621146,0.859351742649152,0.0,0.11928811480610807,,0.0,0,0,140
