cell_ari,mut_ari,ancestral_recall,incomparable_recall,clustered_recall,event_hamming,genotype_hamming,loss_precision,loss_recall,TP,FP,FN
0.9782893577996377,0.5914413227809711,0.7712387962496662,0.7699991574189263,0.7128225475494457,0.015534942417647364,0.07096960876928708,,,0,0,0
