"type","timepoint","ari","prec","recall","total_NAs","nclusters","accuracy","num_lost"
"cell","grow",0.692511404942995,0.880021540118471,0.663230519480519,0,6,NA,NA
"mutation","grow",0.350852827647002,0.606692394650502,0.374243649971378,0,9,NA,NA
"loss","grow",NA,NA,0,NA,0,0.853573907009021,0
