cell_ari,mut_ari,ancestral_recall,incomparable_recall,clustered_recall,event_hamming,genotype_hamming,loss_precision,loss_recall,TP,FP,FN
0.6925114049429948,0.3508528276470023,0.5808214860106671,0.7755449611379149,0.37424364997137816,0.0,0.12360856189778212,,0.0,0,0,633
