"type","timepoint","ari","prec","recall","total_NAs","nclusters","accuracy","num_lost"
"cell","grow",0.647690151684927,0.692256594955026,0.779141118285521,0,5,NA,NA
"mutation","grow",0.710437974085934,0.788693575664614,0.777601686358873,0,6,NA,NA
"loss","grow",NA,NA,0,NA,0,0.945829042224511,0
