cell_ari,mut_ari,ancestral_recall,incomparable_recall,clustered_recall,event_hamming,genotype_hamming,loss_precision,loss_recall,TP,FP,FN
0.6476901516849275,0.7104379740859337,0.714122438291499,1,0.7077272349445161,0.03354279504493268,0.08707112005351694,,0.0,0,0,263
