cell_ari,mut_ari,ancestral_recall,incomparable_recall,clustered_recall,event_hamming,genotype_hamming,loss_precision,loss_recall,TP,FP,FN
0.7598945729004623,0.6088092765971451,0.8878967589600798,1,0.7039659701097437,0.011023735721879487,0.05087070709899089,,,0,0,0
