"type","timepoint","ari","prec","recall","total_NAs","nclusters","accuracy","num_lost"
"cell","grow",0.490708230768042,0.70219757349428,0.616900022919301,0,4,NA,NA
"mutation","grow",0.425214541481855,0.502640339386364,0.542948608103687,0,6,NA,NA
"loss","grow",NA,NA,0,NA,0,0.878440366972477,0
