cell_ari,mut_ari,ancestral_recall,incomparable_recall,clustered_recall,event_hamming,genotype_hamming,loss_precision,loss_recall,TP,FP,FN
0.4907082307680425,0.42521454148185467,0.5470019377831028,0.6098191589316919,0.45884621967113837,0.0,0.170079330453431,,0.0,0,0,265
