cell_ari,mut_ari,ancestral_recall,incomparable_recall,clustered_recall,event_hamming,genotype_hamming,loss_precision,loss_recall,TP,FP,FN
0.4240230370590555,0.5111099029543186,0.6902306223261916,0.35269492058217744,0.6795578844180528,0.0019479691536133056,0.1975507295224095,,,0,0,0
